"id","sample1_1","sample1_2","sample2_1","sample2_2","sample2_3","sample3_1","sample3_2"
"honda",4.464274,7.087345,2.659297,83.5136,49.299961,22.99157,19.679316
"audi",1.454645,2.784645,2.692656,14.01095,7.674361,3.84253,3.795233
