"pair","unit","score"
1,1,-1.3967764926234
1,2,0.523312102410577
2,1,0.142264575278737
2,2,-0.846648030842621
3,1,-0.41182136206744
3,2,-1.46503503689101
