"var1","var2"
1.43952435344779,"A"
1.76982251051672,"A"
3.55870831414912,"A"
2.07050839142458,"A"
2.12928773516095,"A"
3.71506498688328,"B"
2.4609162059892,"B"
0.734938765393466,"B"
1.31314714810647,"B"
1.55433802990004,"B"
3.22408179743946,"C"
2.35981382705736,"C"
2.40077145059405,"C"
2.11068271594512,"C"
1.44415886524592,"C"
